user_id,frequency,monetary,recency_days
1,2,3376.7400000000002,0
2,1,283.9,1
3,2,460.78000000000003,1
4,1,560.0,1
8,1,9.85,1
