user_id,frequency,monetary,aov,recency_days
1,2,3376.7400000000002,562.7900000000001,0
2,1,283.9,141.95,1
3,2,460.78000000000003,153.59333333333333,1
4,1,560.0,280.0,1
8,1,9.85,9.85,1
